year,lyr_des,gen_cate,lyr_gen,n_lyr,n_gen,n_lyr_gen,total,p_lyrics,p_lyr_lci,p_lyr_uci,p_genre,p_gen_lci,p_gen_uci,p_lyrgen,p_lyrgen_lci,p_lyrgen_uci
1999,alcohol,country,"alcohol,country",616,419,136,2233,0.27586206896551724,0.2575021445366033,0.2950011325970169,0.1876399462606359,0.17177178557119654,0.2045957894767022,0.324582338902148,0.2803793712723445,0.37205699693934974
1999,alcohol,hiphop,"alcohol,hiphop",616,550,126,2233,0.27586206896551724,0.2575021445366033,0.2950011325970169,0.24630541871921183,0.22866249649477796,0.26483061548957,0.2290909090909091,0.19506584366476942,0.26697083713018915
1999,alcohol,rap,"alcohol,rap",616,403,161,2233,0.27586206896551724,0.2575021445366033,0.2950011325970169,0.18047469771607702,0.16486067342212982,0.1972015844951264,0.39950372208436724,0.35164496544955365,0.44930927685576777
1999,alcohol,rock,"alcohol,rock",616,611,120,2233,0.27586206896551724,0.2575021445366033,0.2950011325970169,0.2736229287953426,0.25531364305980714,0.2927191610685087,0.19639934533551553,0.16607293482997929,0.23061754769128698
1999,marijuana,country,"marijuana,country",692,419,108,2233,0.309896999552172,0.2908365344887424,0.32961802939504986,0.1876399462606359,0.17177178557119654,0.2045957894767022,0.2577565632458234,0.21708880001783726,0.3029504933327844
1999,marijuana,hiphop,"marijuana,hiphop",692,550,142,2233,0.309896999552172,0.2908365344887424,0.32961802939504986,0.24630541871921183,0.22866249649477796,0.26483061548957,0.2581818181818182,0.2225118894657142,0.2972892634539486
1999,marijuana,rap,"marijuana,rap",692,403,256,2233,0.309896999552172,0.2908365344887424,0.32961802939504986,0.18047469771607702,0.16486067342212982,0.1972015844951264,0.6352357320099256,0.5859045437491128,0.6819460115284713
1999,marijuana,rock,"marijuana,rock",692,611,135,2233,0.309896999552172,0.2908365344887424,0.32961802939504986,0.2736229287953426,0.25531364305980714,0.2927191610685087,0.220949263502455,0.18908237858570479,0.25638944902014554
1999,other,country,"other,country",2105,419,418,2233,0.9426780116435289,0.9320134789236707,0.9517868988984086,0.1876399462606359,0.17177178557119654,0.2045957894767022,0.9976133651551312,0.9846474754492771,0.9998754047246873
1999,other,hiphop,"other,hiphop",2105,550,498,2233,0.9426780116435289,0.9320134789236707,0.9517868988984086,0.24630541871921183,0.22866249649477796,0.26483061548957,0.9054545454545454,0.8771072123541616,0.9279703820141523
1999,other,rap,"other,rap",2105,403,403,2233,0.9426780116435289,0.9320134789236707,0.9517868988984086,0.18047469771607702,0.16486067342212982,0.1972015844951264,1,0.9882294307651125,1
1999,other,rock,"other,rock",2105,611,538,2233,0.9426780116435289,0.9320134789236707,0.9517868988984086,0.2736229287953426,0.25531364305980714,0.2927191610685087,0.8805237315875614,0.8515105149036444,0.9046318292267224
2000,alcohol,country,"alcohol,country",1297,816,267,4822,0.2689755288262132,0.25654522520054845,0.2817766775639563,0.16922438822065533,0.1588046216911819,0.18017591774265002,0.3272058823529412,0.29529386429212734,0.36076793196456597
2000,alcohol,hiphop,"alcohol,hiphop",1297,1470,376,4822,0.2689755288262132,0.25654522520054845,0.2817766775639563,0.3048527581916217,0.2919167183746253,0.31810195781749356,0.25578231292517006,0.23380570556949992,0.27905137245012684
2000,alcohol,rap,"alcohol,rap",1297,887,406,4822,0.2689755288262132,0.25654522520054845,0.2817766775639563,0.18394856905848195,0.17316481525973643,0.19524025626459207,0.4577226606538895,0.42463037010493243,0.4911858203927483
2000,alcohol,rock,"alcohol,rock",1297,1085,243,4822,0.2689755288262132,0.25654522520054845,0.2817766775639563,0.2250103691414351,0.21334377250922454,0.23711860870169962,0.223963133640553,0.1997141780475477,0.2501959100075822
2000,marijuana,country,"marijuana,country",1577,816,214,4822,0.3270427208627126,0.31384112683061094,0.3405218245648747,0.16922438822065533,0.1588046216911819,0.18017591774265002,0.2622549019607843,0.23265187049697586,0.2941309934963154
2000,marijuana,hiphop,"marijuana,hiphop",1577,1470,728,4822,0.3270427208627126,0.31384112683061094,0.3405218245648747,0.3048527581916217,0.2919167183746253,0.31810195781749356,0.49523809523809526,0.46938599821326105,0.5211153452837282
2000,marijuana,rap,"marijuana,rap",1577,887,694,4822,0.3270427208627126,0.31384112683061094,0.3405218245648747,0.18394856905848195,0.17316481525973643,0.19524025626459207,0.7824126268320181,0.753486435358132,0.8088527931002476
2000,marijuana,rock,"marijuana,rock",1577,1085,215,4822,0.3270427208627126,0.31384112683061094,0.3405218245648747,0.2250103691414351,0.21334377250922454,0.23711860870169962,0.19815668202764977,0.17508275285784014,0.22340169841564567
2000,other,country,"other,country",4467,816,753,4822,0.9263790958108669,0.9185553857875438,0.9335144593939814,0.16922438822065533,0.1588046216911819,0.18017591774265002,0.9227941176470589,0.9017595987012859,0.9397350550817827
2000,other,hiphop,"other,hiphop",4467,1470,1412,4822,0.9263790958108669,0.9185553857875438,0.9335144593939814,0.3048527581916217,0.2919167183746253,0.31810195781749356,0.9605442176870749,0.9489529244704009,0.9696534061108686
2000,other,rap,"other,rap",4467,887,864,4822,0.9263790958108669,0.9185553857875438,0.9335144593939814,0.18394856905848195,0.17316481525973643,0.19524025626459207,0.9740698985343855,0.9607224795113881,0.983112983473729
2000,other,rock,"other,rock",4467,1085,935,4822,0.9263790958108669,0.9185553857875438,0.9335144593939814,0.2250103691414351,0.21334377250922454,0.23711860870169962,0.8617511520737328,0.839445915494001,0.8814467927164868
2001,alcohol,country,"alcohol,country",1617,825,261,4742,0.34099536060733865,0.3275322690074815,0.3547178713384287,0.1739772247996626,0.1633497778033335,0.18513761558741543,0.31636363636363635,0.2849557617663769,0.34950614378365147
2001,alcohol,hiphop,"alcohol,hiphop",1617,1636,640,4742,0.34099536060733865,0.3275322690074815,0.3547178713384287,0.34500210881484605,0.33149807636530165,0.35875901784973097,0.39119804400978,0.36752973633488006,0.41538268604377354
2001,alcohol,rap,"alcohol,rap",1617,1109,654,4742,0.34099536060733865,0.3275322690074815,0.3547178713384287,0.23386756642766765,0.2219347610102762,0.24623497513686018,0.5897204688908927,0.5600552219681084,0.6187566675073933
2001,alcohol,rock,"alcohol,rock",1617,1308,392,4742,0.34099536060733865,0.3275322690074815,0.3547178713384287,0.2758329818641923,0.2631937698994643,0.28883809842021996,0.2996941896024465,0.27511089384611626,0.32546862518591707
2001,marijuana,country,"marijuana,country",1775,825,244,4742,0.3743146351750316,0.36054287741099644,0.3882914185417051,0.1739772247996626,0.1633497778033335,0.18513761558741543,0.2957575757575758,0.2650349101107847,0.32841020108507923
2001,marijuana,hiphop,"marijuana,hiphop",1775,1636,789,4742,0.3743146351750316,0.36054287741099644,0.3882914185417051,0.34500210881484605,0.33149807636530165,0.35875901784973097,0.48227383863080686,0.45782606116702507,0.5068057130137253
2001,marijuana,rap,"marijuana,rap",1775,1109,775,4742,0.3743146351750316,0.36054287741099644,0.3882914185417051,0.23386756642766765,0.2219347610102762,0.24623497513686018,0.6988277727682597,0.6707179260292966,0.725542063537966
2001,marijuana,rock,"marijuana,rock",1775,1308,314,4742,0.3743146351750316,0.36054287741099644,0.3882914185417051,0.2758329818641923,0.2631937698994643,0.28883809842021996,0.2400611620795107,0.21732815076650044,0.2643416192501118
2001,other,country,"other,country",4511,825,772,4742,0.9512863770560944,0.9446740574548339,0.9571555758019622,0.1739772247996626,0.1633497778033335,0.18513761558741543,0.9357575757575758,0.9162488409588242,0.9510821457922037
2001,other,hiphop,"other,hiphop",4511,1636,1610,4742,0.9512863770560944,0.9446740574548339,0.9571555758019622,0.34500210881484605,0.33149807636530165,0.35875901784973097,0.9841075794621027,0.9764545117305319,0.9893802214948588
2001,other,rap,"other,rap",4511,1109,1109,4742,0.9512863770560944,0.9446740574548339,0.9571555758019622,0.23386756642766765,0.2219347610102762,0.24623497513686018,1,0.9956965335701514,1
2001,other,rock,"other,rock",4511,1308,1249,4742,0.9512863770560944,0.9446740574548339,0.9571555758019622,0.2758329818641923,0.2631937698994643,0.28883809842021996,0.9548929663608563,0.9418255541077551,0.965206471451523
2002,alcohol,country,"alcohol,country",1493,838,187,4740,0.3149789029535865,0.30180537172464733,0.3284544754448659,0.17679324894514767,0.16609294958864132,0.1880220804415356,0.22315035799522673,0.19569256863105225,0.25318806865447463
2002,alcohol,hiphop,"alcohol,hiphop",1493,1431,582,4740,0.3149789029535865,0.30180537172464733,0.3284544754448659,0.3018987341772152,0.28889016152472546,0.3152307312716825,0.40670859538784065,0.3811952383616096,0.43272833345058226
2002,alcohol,rap,"alcohol,rap",1493,1305,657,4740,0.3149789029535865,0.30180537172464733,0.3284544754448659,0.27531645569620256,0.2626823946462582,0.28831742146118805,0.503448275862069,0.4759687930408359,0.5309072317861819
2002,alcohol,rock,"alcohol,rock",1493,1612,492,4740,0.3149789029535865,0.30180537172464733,0.3284544754448659,0.340084388185654,0.32662792352695597,0.35380186997668067,0.3052109181141439,0.2829131350986253,0.32844763529662463
2002,marijuana,country,"marijuana,country",1744,838,301,4740,0.3679324894514768,0.354211447997179,0.38186906439945634,0.17679324894514767,0.16609294958864132,0.1880220804415356,0.35918854415274465,0.326834056727559,0.39285166915937825
2002,marijuana,hiphop,"marijuana,hiphop",1744,1431,619,4740,0.3679324894514768,0.354211447997179,0.38186906439945634,0.3018987341772152,0.28889016152472546,0.3152307312716825,0.43256464011180995,0.40676374278676236,0.4587315311967079
2002,marijuana,rap,"marijuana,rap",1744,1305,798,4740,0.3679324894514768,0.354211447997179,0.38186906439945634,0.27531645569620256,0.2626823946462582,0.28831742146118805,0.6114942528735632,0.5843724370520509,0.6379521282303449
2002,marijuana,rock,"marijuana,rock",1744,1612,474,4740,0.3679324894514768,0.354211447997179,0.38186906439945634,0.340084388185654,0.32662792352695597,0.35380186997668067,0.29404466501240695,0.2720114104146345,0.31707082227326605
2002,other,country,"other,country",4551,838,768,4740,0.960126582278481,0.9540612277473733,0.9654326607784244,0.17679324894514767,0.16609294958864132,0.1880220804415356,0.9164677804295943,0.8951267276474373,0.9338878511571312
2002,other,hiphop,"other,hiphop",4551,1431,1400,4740,0.960126582278481,0.9540612277473733,0.9654326607784244,0.3018987341772152,0.28889016152472546,0.3152307312716825,0.9783368273934312,0.969008759777886,0.9849868061082666
2002,other,rap,"other,rap",4551,1305,1305,4740,0.960126582278481,0.9540612277473733,0.9654326607784244,0.27531645569620256,0.2626823946462582,0.28831742146118805,1,0.9963409599491763,1
2002,other,rock,"other,rock",4551,1612,1537,4740,0.960126582278481,0.9540612277473733,0.9654326607784244,0.340084388185654,0.32662792352695597,0.35380186997668067,0.9534739454094293,0.9417282088413412,0.9629989146350344
2003,alcohol,country,"alcohol,country",1938,947,331,4829,0.40132532615448335,0.38748122221518694,0.4153274706313388,0.1961068544212052,0.18505039439491466,0.2076508867285455,0.3495248152059134,0.3193039828006057,0.3809825974746601
2003,alcohol,hiphop,"alcohol,hiphop",1938,1468,700,4829,0.40132532615448335,0.38748122221518694,0.4153274706313388,0.30399668668461377,0.29108091668301317,0.3172265348484422,0.4768392370572207,0.45104421181149135,0.502756769545051
2003,alcohol,rap,"alcohol,rap",1938,1490,867,4829,0.40132532615448335,0.38748122221518694,0.4153274706313388,0.3085524953406502,0.29557913400746827,0.3218326244962551,0.5818791946308725,0.5563173867573079,0.607014257968338
2003,alcohol,rock,"alcohol,rock",1938,1697,538,4829,0.40132532615448335,0.38748122221518694,0.4153274706313388,0.35141851314972045,0.33797365975298016,0.36510138664055924,0.3170300530347672,0.295036972929188,0.3398606168446128
2003,marijuana,country,"marijuana,country",1876,947,244,4829,0.38848622903292607,0.37473017624555427,0.4024208933799639,0.1961068544212052,0.18505039439491466,0.2076508867285455,0.2576557550158395,0.23031209256327986,0.2869946084276467
2003,marijuana,hiphop,"marijuana,hiphop",1876,1468,746,4829,0.38848622903292607,0.37473017624555427,0.4024208933799639,0.30399668668461377,0.29108091668301317,0.3172265348484422,0.5081743869209809,0.4822725467128073,0.5340329898115388
2003,marijuana,rap,"marijuana,rap",1876,1490,1002,4829,0.38848622903292607,0.37473017624555427,0.4024208933799639,0.3085524953406502,0.29557913400746827,0.3218326244962551,0.6724832214765101,0.6478958992599451,0.696170977985726
2003,marijuana,rock,"marijuana,rock",1876,1697,360,4829,0.38848622903292607,0.37473017624555427,0.4024208933799639,0.35141851314972045,0.33797365975298016,0.36510138664055924,0.2121390689451974,0.19306517581862423,0.23253292991682734
2003,other,country,"other,country",4548,947,888,4829,0.9418098985297163,0.9347402922671366,0.9481661518191198,0.1961068544212052,0.18505039439491466,0.2076508867285455,0.9376979936642027,0.9198793860693897,0.9518596860047479
2003,other,hiphop,"other,hiphop",4548,1468,1389,4829,0.9418098985297163,0.9347402922671366,0.9481661518191198,0.30399668668461377,0.29108091668301317,0.3172265348484422,0.9461852861035422,0.9330602385364791,0.9569129893267097
2003,other,rap,"other,rap",4548,1490,1470,4829,0.9418098985297163,0.9347402922671366,0.9481661518191198,0.3085524953406502,0.29557913400746827,0.3218326244962551,0.9865771812080537,0.9789532784020686,0.9915582332649141
2003,other,rock,"other,rock",4548,1697,1526,4829,0.9418098985297163,0.9347402922671366,0.9481661518191198,0.35141851314972045,0.33797365975298016,0.36510138664055924,0.8992339422510313,0.8836856943001705,0.9129418145783642
2004,alcohol,country,"alcohol,country",1550,871,398,4891,0.31690860764669804,0.30391625872841815,0.33019058789584016,0.1780821917808219,0.1675143743002986,0.1891601041524198,0.4569460390355913,0.42355693239508113,0.4907197949696228
2004,alcohol,hiphop,"alcohol,hiphop",1550,1335,406,4891,0.31690860764669804,0.30391625872841815,0.33019058789584016,0.27295031690860766,0.26054688704596735,0.285713039478401,0.3041198501872659,0.2796686975971615,0.32971208858458795
2004,alcohol,rap,"alcohol,rap",1550,1639,739,4891,0.31690860764669804,0.30391625872841815,0.33019058789584016,0.3351052954406052,0.3219094398546846,0.34856196810799395,0.45088468578401464,0.4266353030652809,0.4753666667136232
2004,alcohol,rock,"alcohol,rock",1550,1586,322,4891,0.31690860764669804,0.30391625872841815,0.33019058789584016,0.32426906563075036,0.3111916853995348,0.3376244206678974,0.2030264817150063,0.18365508793660879,0.22385581302448393
2004,marijuana,country,"marijuana,country",2138,871,285,4891,0.4371294213862196,0.42318094464538847,0.45117730485626606,0.1780821917808219,0.1675143743002986,0.1891601041524198,0.32721010332950634,0.2963108814075919,0.35965466423345854
2004,marijuana,hiphop,"marijuana,hiphop",2138,1335,714,4891,0.4371294213862196,0.42318094464538847,0.45117730485626606,0.27295031690860766,0.26054688704596735,0.285713039478401,0.5348314606741573,0.5076389050346433,0.5618213427115765
2004,marijuana,rap,"marijuana,rap",2138,1639,1144,4891,0.4371294213862196,0.42318094464538847,0.45117730485626606,0.3351052954406052,0.3219094398546846,0.34856196810799395,0.697986577181208,0.6750063733302473,0.7200281864340788
2004,marijuana,rock,"marijuana,rock",2138,1586,340,4891,0.4371294213862196,0.42318094464538847,0.45117730485626606,0.32426906563075036,0.3111916853995348,0.3376244206678974,0.21437578814627994,0.19457757793210095,0.23557578512342917
2004,other,country,"other,country",4593,871,829,4891,0.9390717644653445,0.9319099699004704,0.9455339026296868,0.1780821917808219,0.1675143743002986,0.1891601041524198,0.9517795637198623,0.934811443955084,0.9646219247573082
2004,other,hiphop,"other,hiphop",4593,1335,1297,4891,0.9390717644653445,0.9319099699004704,0.9455339026296868,0.27295031690860766,0.26054688704596735,0.285713039478401,0.9715355805243445,0.9607434605602704,0.9795096401607994
2004,other,rap,"other,rap",4593,1639,1639,4891,0.9390717644653445,0.9319099699004704,0.9455339026296868,0.3351052954406052,0.3219094398546846,0.34856196810799395,1,0.9970848465308534,1
2004,other,rock,"other,rock",4593,1586,1357,4891,0.9390717644653445,0.9319099699004704,0.9455339026296868,0.32426906563075036,0.3111916853995348,0.3376244206678974,0.8556116015132409,0.8371236048914654,0.8723498601036778
2005,alcohol,country,"alcohol,country",1561,811,310,4791,0.3258192444166145,0.3125889524325389,0.3393308251722482,0.16927572531830515,0.15882152010015171,0.1802650645696756,0.38224414303329224,0.3488263460878984,0.4167926443525808
2005,alcohol,hiphop,"alcohol,hiphop",1561,1385,455,4791,0.3258192444166145,0.3125889524325389,0.3393308251722482,0.28908369860154454,0.2763170244011213,0.3021910765276317,0.3285198555956679,0.3039352517410073,0.35406689178558726
2005,alcohol,rap,"alcohol,rap",1561,1707,789,4791,0.3258192444166145,0.3125889524325389,0.3393308251722482,0.35629304946775203,0.3427490130858919,0.37006912312392704,0.46221441124780316,0.43838302549222097,0.4862175807599728
2005,alcohol,rock,"alcohol,rock",1561,1616,393,4791,0.3258192444166145,0.3125889524325389,0.3393308251722482,0.33729910248382383,0.32394336073878216,0.3509175761082482,0.2431930693069307,0.22260154393204298,0.26502061992150144
2005,marijuana,country,"marijuana,country",2093,811,368,4791,0.43686078063034856,0.42276823573793576,0.4510552468355091,0.16927572531830515,0.15882152010015171,0.1802650645696756,0.45376078914919854,0.4191849115797989,0.4887804695333256
2005,marijuana,hiphop,"marijuana,hiphop",2093,1385,689,4791,0.43686078063034856,0.42276823573793576,0.4510552468355091,0.28908369860154454,0.2763170244011213,0.3021910765276317,0.49747292418772565,0.4708242138873854,0.5241358053841584
2005,marijuana,rap,"marijuana,rap",2093,1707,1069,4791,0.43686078063034856,0.42276823573793576,0.4510552468355091,0.35629304946775203,0.3427490130858919,0.37006912312392704,0.6262448740480375,0.602738817905827,0.6491767724028067
2005,marijuana,rock,"marijuana,rock",2093,1616,473,4791,0.43686078063034856,0.42276823573793576,0.4510552468355091,0.33729910248382383,0.32394336073878216,0.3509175761082482,0.2926980198019802,0.2707246909755624,0.31566827694044053
2005,other,country,"other,country",4658,811,798,4791,0.9722396159465665,0.9670831022528203,0.9766225331139695,0.16927572531830515,0.15882152010015171,0.1802650645696756,0.9839704069050554,0.971999825654961,0.9910637968323955
2005,other,hiphop,"other,hiphop",4658,1385,1385,4791,0.9722396159465665,0.9670831022528203,0.9766225331139695,0.28908369860154454,0.2763170244011213,0.3021910765276317,1,0.9965517213922717,1
2005,other,rap,"other,rap",4658,1707,1707,4791,0.9722396159465665,0.9670831022528203,0.9766225331139695,0.35629304946775203,0.3427490130858919,0.37006912312392704,1,0.9972007108660079,1
2005,other,rock,"other,rock",4658,1616,1525,4791,0.9722396159465665,0.9670831022528203,0.9766225331139695,0.33729910248382383,0.32394336073878216,0.3509175761082482,0.9436881188118812,0.9310232493806114,0.9541909618778831
2006,alcohol,country,"alcohol,country",1552,875,268,4846,0.3202641353693768,0.30717242510433257,0.3336428110653737,0.1805612876599257,0.1698849930482642,0.19174844169903155,0.30628571428571427,0.2760923896667583,0.3382041106787948
2006,alcohol,hiphop,"alcohol,hiphop",1552,1221,499,4846,0.3202641353693768,0.30717242510433257,0.3336428110653737,0.2519603796945935,0.23983547387430937,0.264481534665799,0.4086814086814087,0.3810320345289551,0.43691207911907076
2006,alcohol,rap,"alcohol,rap",1552,1754,792,4846,0.3202641353693768,0.30717242510433257,0.3336428110653737,0.3619479983491539,0.3484296990039407,0.3756866609427739,0.45153933865450396,0.4280981595423154,0.4751949122340922
2006,alcohol,rock,"alcohol,rock",1552,1826,505,4846,0.3202641353693768,0.30717242510433257,0.3336428110653737,0.37680561287659925,0.36316235711738515,0.39064550332489906,0.27656078860898137,0.25626298871330877,0.2978092429360081
2006,marijuana,country,"marijuana,country",2025,875,299,4846,0.4178704085843995,0.40395188157675416,0.43192000820373183,0.1805612876599257,0.1698849930482642,0.19174844169903155,0.3417142857142857,0.3104853821663299,0.37435203875120776
2006,marijuana,hiphop,"marijuana,hiphop",2025,1221,563,4846,0.4178704085843995,0.40395188157675416,0.43192000820373183,0.2519603796945935,0.23983547387430937,0.264481534665799,0.4610974610974611,0.4328963674726055,0.48954614227345017
2006,marijuana,rap,"marijuana,rap",2025,1754,1064,4846,0.4178704085843995,0.40395188157675416,0.43192000820373183,0.3619479983491539,0.3484296990039407,0.3756866609427739,0.6066134549600912,0.5832557346299059,0.6294994010521032
2006,marijuana,rock,"marijuana,rock",2025,1826,507,4846,0.4178704085843995,0.40395188157675416,0.43192000820373183,0.37680561287659925,0.36316235711738515,0.39064550332489906,0.27765607886089816,0.25733100818695,0.29892712877928856
2006,other,country,"other,country",4690,875,841,4846,0.9678085018572018,0.9623457674402972,0.9725148159255773,0.1805612876599257,0.1698849930482642,0.19174844169903155,0.9611428571428572,0.9455351222811996,0.9725419144329357
2006,other,hiphop,"other,hiphop",4690,1221,1194,4846,0.9678085018572018,0.9623457674402972,0.9725148159255773,0.2519603796945935,0.23983547387430937,0.264481534665799,0.9778869778869779,0.9675367009931468,0.9850934766277913
2006,other,rap,"other,rap",4690,1754,1754,4846,0.9678085018572018,0.9623457674402972,0.9725148159255773,0.3619479983491539,0.3484296990039407,0.3756866609427739,1,0.9972755545932539,1
2006,other,rock,"other,rock",4690,1826,1704,4846,0.9678085018572018,0.9623457674402972,0.9725148159255773,0.37680561287659925,0.36316235711738515,0.39064550332489906,0.9331872946330778,0.9205061573427683,0.9440063138526393
2007,alcohol,country,"alcohol,country",1668,893,411,4648,0.3588640275387263,0.34508949577164477,0.37287347512227975,0.19212564543889846,0.1809505589284715,0.20381403927107847,0.46024636058230683,0.42724166743118797,0.49359742923922234
2007,alcohol,hiphop,"alcohol,hiphop",1668,1185,395,4648,0.3588640275387263,0.34508949577164477,0.37287347512227975,0.25494836488812395,0.24251900213273747,0.26778592446856414,0.3333333333333333,0.3066577408191137,0.3611029150193257
2007,alcohol,rap,"alcohol,rap",1668,1545,663,4648,0.3588640275387263,0.34508949577164477,0.37287347512227975,0.33240103270223753,0.3188952730337881,0.3461857942395917,0.429126213592233,0.4043314074558191,0.4542771882467219
2007,alcohol,rock,"alcohol,rock",1668,1635,446,4648,0.3588640275387263,0.34508949577164477,0.37287347512227975,0.35176419965576594,0.3380572073388186,0.36571793377363404,0.272782874617737,0.2514477952665498,0.29519821830381116
2007,marijuana,country,"marijuana,country",2001,893,298,4648,0.4305077452667814,0.4162291076537085,0.4449020223162802,0.19212564543889846,0.1809505589284715,0.20381403927107847,0.3337066069428891,0.3030053782044821,0.36585814003831674
2007,marijuana,hiphop,"marijuana,hiphop",2001,1185,577,4648,0.4305077452667814,0.4162291076537085,0.4449020223162802,0.25494836488812395,0.24251900213273747,0.26778592446856414,0.4869198312236287,0.45812975317702065,0.5157956914660078
2007,marijuana,rap,"marijuana,rap",2001,1545,829,4648,0.4305077452667814,0.4162291076537085,0.4449020223162802,0.33240103270223753,0.3188952730337881,0.3461857942395917,0.5365695792880258,0.511320533180134,0.5616348665738637
2007,marijuana,rock,"marijuana,rock",2001,1635,624,4648,0.4305077452667814,0.4162291076537085,0.4449020223162802,0.35176419965576594,0.3380572073388186,0.36571793377363404,0.381651376146789,0.3581060706491911,0.40575869865048025
2007,other,country,"other,country",4480,893,863,4648,0.963855421686747,0.9579798944030707,0.9689495386593764,0.19212564543889846,0.1809505589284715,0.20381403927107847,0.9664053751399776,0.9517968987834592,0.9768320754902743
2007,other,hiphop,"other,hiphop",4480,1185,1142,4648,0.963855421686747,0.9579798944030707,0.9689495386593764,0.25494836488812395,0.24251900213273747,0.26778592446856414,0.9637130801687763,0.9510004793969873,0.973311515485614
2007,other,rap,"other,rap",4480,1545,1532,4648,0.963855421686747,0.9579798944030707,0.9689495386593764,0.33240103270223753,0.3188952730337881,0.3461857942395917,0.9915857605177993,0.9852513111666198,0.9953145588274455
2007,other,rock,"other,rock",4480,1635,1554,4648,0.963855421686747,0.9579798944030707,0.9689495386593764,0.35176419965576594,0.3380572073388186,0.36571793377363404,0.9504587155963303,0.9385085425984772,0.9602361108955929
2008,alcohol,country,"alcohol,country",1428,872,404,4803,0.297314178638351,0.28445111710388304,0.31050380665797167,0.18155319591921715,0.1708059157337255,0.19281431623121423,0.463302752293578,0.42987102742269645,0.497061951639678
2008,alcohol,hiphop,"alcohol,hiphop",1428,1170,321,4803,0.297314178638351,0.28445111710388304,0.31050380665797167,0.24359775140537165,0.2315639062202073,0.25604492433960546,0.2743589743589744,0.24914820859020492,0.3010712195840309
2008,alcohol,rap,"alcohol,rap",1428,1402,543,4803,0.297314178638351,0.28445111710388304,0.31050380665797167,0.2919008952737872,0.27911109132598094,0.3050260019141914,0.38730385164051356,0.3617944766357872,0.413437712087606
2008,alcohol,rock,"alcohol,rock",1428,1578,275,4803,0.297314178638351,0.28445111710388304,0.31050380665797167,0.32854465958775764,0.3153002950152482,0.3420652130746267,0.17427122940430925,0.15604898664024547,0.19410224540446566
2008,marijuana,country,"marijuana,country",1646,872,210,4803,0.3427024776181553,0.3293074779798128,0.3563508396078052,0.18155319591921715,0.1708059157337255,0.19281431623121423,0.2408256880733945,0.21307400958238107,0.27089665070449465
2008,marijuana,hiphop,"marijuana,hiphop",1646,1170,483,4803,0.3427024776181553,0.3293074779798128,0.3563508396078052,0.24359775140537165,0.2315639062202073,0.25604492433960546,0.4128205128205128,0.3845177612976504,0.4417024923840103
2008,marijuana,rap,"marijuana,rap",1646,1402,746,4803,0.3427024776181553,0.3293074779798128,0.3563508396078052,0.2919008952737872,0.27911109132598094,0.3050260019141914,0.5320970042796006,0.5055695621801805,0.5584466445444893
2008,marijuana,rock,"marijuana,rock",1646,1578,459,4803,0.3427024776181553,0.3293074779798128,0.3563508396078052,0.32854465958775764,0.3153002950152482,0.3420652130746267,0.2908745247148289,0.2686866308579015,0.3140924707621338
2008,other,country,"other,country",4631,872,847,4803,0.9641890485113471,0.9584406648381391,0.9691808500696556,0.18155319591921715,0.1708059157337255,0.19281431623121423,0.9713302752293578,0.9573442958559797,0.9809717866808865
2008,other,hiphop,"other,hiphop",4631,1170,1124,4803,0.9641890485113471,0.9584406648381391,0.9691808500696556,0.24359775140537165,0.2315639062202073,0.25604492433960546,0.9606837606837607,0.9474735602626488,0.9707642617298586
2008,other,rap,"other,rap",4631,1402,1402,4803,0.9641890485113471,0.9584406648381391,0.9691808500696556,0.2919008952737872,0.27911109132598094,0.3050260019141914,1,0.9965934181006278,1
2008,other,rock,"other,rock",4631,1578,1490,4803,0.9641890485113471,0.9584406648381391,0.9691808500696556,0.32854465958775764,0.3153002950152482,0.3420652130746267,0.944233206590621,0.9314487841949273,0.9547999751599701
2009,alcohol,country,"alcohol,country",1779,1162,573,5000,0.3558,0.34254607840407786,0.36927699458167607,0.2324,0.22080287842081175,0.24441150339256584,0.49311531841652323,0.4640111031257451,0.5222655819135601
2009,alcohol,hiphop,"alcohol,hiphop",1779,1103,339,5000,0.3558,0.34254607840407786,0.36927699458167607,0.2206,0.20922551442798093,0.23240720786329322,0.3073436083408885,0.28038173037244096,0.33566498976114967
2009,alcohol,rap,"alcohol,rap",1779,1497,625,5000,0.3558,0.34254607840407786,0.36927699458167607,0.2994,0.28676448299937896,0.31234594412726563,0.41750167000668004,0.39243238366012495,0.4429989103240629
2009,alcohol,rock,"alcohol,rock",1779,1853,571,5000,0.3558,0.34254607840407786,0.36927699458167607,0.3706,0.3572180566138341,0.384182108188733,0.3081489476524555,0.28727656384905015,0.32982531578669905
2009,marijuana,country,"marijuana,country",1931,1162,278,5000,0.3862,0.37269768314822094,0.3998783400292898,0.2324,0.22080287842081175,0.24441150339256584,0.23924268502581755,0.21518401233814996,0.26504982916093045
2009,marijuana,hiphop,"marijuana,hiphop",1931,1103,532,5000,0.3862,0.37269768314822094,0.3998783400292898,0.2206,0.20922551442798093,0.23240720786329322,0.4823209428830462,0.4524937636904135,0.5122727208276736
2009,marijuana,rap,"marijuana,rap",1931,1497,874,5000,0.3862,0.37269768314822094,0.3998783400292898,0.2994,0.28676448299937896,0.31234594412726563,0.5838343353373413,0.5583450003379725,0.6088887833242496
2009,marijuana,rock,"marijuana,rock",1931,1853,557,5000,0.3862,0.37269768314822094,0.3998783400292898,0.3706,0.3572180566138341,0.384182108188733,0.3005936319481921,0.2798828940911762,0.32214008988466775
2009,other,country,"other,country",4779,1162,1128,5000,0.9558,0.949638330316184,0.9612495764284764,0.2324,0.22080287842081175,0.24441150339256584,0.9707401032702238,0.958894722104569,0.9793475035272785
2009,other,hiphop,"other,hiphop",4779,1103,1043,5000,0.9558,0.949638330316184,0.9612495764284764,0.2206,0.20922551442798093,0.23240720786329322,0.9456029011786038,0.9301023466626005,0.9579065107676373
2009,other,rap,"other,rap",4779,1497,1497,5000,0.9558,0.949638330316184,0.9612495764284764,0.2994,0.28676448299937896,0.31234594412726563,1,0.9968090412108556,1
2009,other,rock,"other,rock",4779,1853,1699,5000,0.9558,0.949638330316184,0.9612495764284764,0.3706,0.3572180566138341,0.384182108188733,0.9168915272531031,0.9031560209013566,0.9288651851544399
2010,alcohol,country,"alcohol,country",1803,1153,599,4885,0.3690890481064483,0.3555632366406836,0.3828221443379249,0.23602865916069601,0.22423051637353217,0.2482452022526094,0.5195143104943626,0.49022570134707866,0.548671373892941
2010,alcohol,hiphop,"alcohol,hiphop",1803,1141,312,4885,0.3690890481064483,0.3555632366406836,0.3828221443379249,0.23357215967246672,0.22181901219667935,0.24574761410965773,0.27344434706397897,0.24795018955776718,0.3004846039263513
2010,alcohol,rap,"alcohol,rap",1803,1564,717,4885,0.3690890481064483,0.3555632366406836,0.3828221443379249,0.32016376663254864,0.3071253832520159,0.33348697650674197,0.4584398976982097,0.4335600394900242,0.48352604683379696
2010,alcohol,rock,"alcohol,rock",1803,1430,434,4885,0.3690890481064483,0.3555632366406836,0.3828221443379249,0.29273285568065505,0.2800389419687648,0.3057551056894758,0.3034965034965035,0.27987839114735114,0.3281829606179851
2010,marijuana,country,"marijuana,country",2052,1153,446,4885,0.42006141248720574,0.4061868481670227,0.43406253061882616,0.23602865916069601,0.22423051637353217,0.2482452022526094,0.3868169991326973,0.35869930196310945,0.4156979525328933
2010,marijuana,hiphop,"marijuana,hiphop",2052,1141,472,4885,0.42006141248720574,0.4061868481670227,0.43406253061882616,0.23357215967246672,0.22181901219667935,0.24574761410965773,0.4136722173531989,0.3849999550956247,0.4429326855112923
2010,marijuana,rap,"marijuana,rap",2052,1564,938,4885,0.42006141248720574,0.4061868481670227,0.43406253061882616,0.32016376663254864,0.3071253832520159,0.33348697650674197,0.5997442455242967,0.5749244347372372,0.6240688510398321
2010,marijuana,rock,"marijuana,rock",2052,1430,483,4885,0.42006141248720574,0.4061868481670227,0.43406253061882616,0.29273285568065505,0.2800389419687648,0.3057551056894758,0.33776223776223774,0.31337059843068066,0.36303557306548373
2010,other,country,"other,country",4770,1153,1114,4885,0.9764585465711362,0.9717064712324295,0.980443908112903,0.23602865916069601,0.22423051637353217,0.2482452022526094,0.9661751951431049,0.9535999476961585,0.9755273791935583
2010,other,hiphop,"other,hiphop",4770,1141,1140,4885,0.9764585465711362,0.9717064712324295,0.980443908112903,0.23357215967246672,0.22181901219667935,0.24574761410965773,0.9991235758106923,0.9943277662102928,0.9999542488323091
2010,other,rap,"other,rap",4770,1564,1549,4885,0.9764585465711362,0.9717064712324295,0.980443908112903,0.32016376663254864,0.3071253832520159,0.33348697650674197,0.9904092071611253,0.9838405973311292,0.9944204858309627
2010,other,rock,"other,rock",4770,1430,1365,4885,0.9764585465711362,0.9717064712324295,0.980443908112903,0.29273285568065505,0.2800389419687648,0.3057551056894758,0.9545454545454546,0.9420897092732115,0.9644873424422397
2011,alcohol,country,"alcohol,country",1806,1278,680,4855,0.37198764160659115,0.3583960019835057,0.38578323010842325,0.26323377960865085,0.25093544762087694,0.27590960295260464,0.5320813771517997,0.5042783904444781,0.559689333273067
2011,alcohol,hiphop,"alcohol,hiphop",1806,1167,406,4855,0.37198764160659115,0.3583960019835057,0.38578323010842325,0.2403707518022657,0.2284581286574006,0.25269742257942424,0.34790059982862037,0.32069338328314695,0.3761214935880295
2011,alcohol,rap,"alcohol,rap",1806,1631,719,4855,0.37198764160659115,0.3583960019835057,0.38578323010842325,0.3359423274974253,0.3226889218604663,0.34945715506443364,0.44083384426732064,0.4166016090736298,0.46534766349439227
2011,alcohol,rock,"alcohol,rock",1806,1705,627,4855,0.37198764160659115,0.3583960019835057,0.38578323010842325,0.35118434603501547,0.3377777077876752,0.3648280992611736,0.36774193548387096,0.3448864383571529,0.3911996718778149
2011,marijuana,country,"marijuana,country",2396,1278,551,4855,0.49351184346035015,0.47935637589958513,0.5076776453506409,0.26323377960865085,0.25093544762087694,0.27590960295260464,0.43114241001564946,0.4038500457786259,0.4588534207843527
2011,marijuana,hiphop,"marijuana,hiphop",2396,1167,674,4855,0.49351184346035015,0.47935637589958513,0.5076776453506409,0.2403707518022657,0.2284581286574006,0.25269742257942424,0.5775492716366752,0.5485696514435972,0.6060123427380285
2011,marijuana,rap,"marijuana,rap",2396,1631,1047,4855,0.49351184346035015,0.47935637589958513,0.5076776453506409,0.3359423274974253,0.3226889218604663,0.34945715506443364,0.6419374616799509,0.6180513311255333,0.6651477815457952
2011,marijuana,rock,"marijuana,rock",2396,1705,690,4855,0.49351184346035015,0.47935637589958513,0.5076776453506409,0.35118434603501547,0.3377777077876752,0.3648280992611736,0.4046920821114369,0.3813436271191797,0.428474426952578
2011,other,country,"other,country",4660,1278,1189,4855,0.9598352214212152,0.9538292414454803,0.9651005752635123,0.26323377960865085,0.25093544762087694,0.27590960295260464,0.9303599374021909,0.914650385726756,0.9434181603329757
2011,other,hiphop,"other,hiphop",4660,1167,1142,4855,0.9598352214212152,0.9538292414454803,0.9651005752635123,0.2403707518022657,0.2284581286574006,0.25269742257942424,0.9785775492716366,0.9680605807351749,0.9857952615182112
2011,other,rap,"other,rap",4660,1631,1622,4855,0.9598352214212152,0.9538292414454803,0.9651005752635123,0.3359423274974253,0.3226889218604663,0.34945715506443364,0.9944819129368485,0.9891469893055878,0.9973046558706945
2011,other,rock,"other,rock",4660,1705,1585,4855,0.9598352214212152,0.9538292414454803,0.9651005752635123,0.35118434603501547,0.3377777077876752,0.3648280992611736,0.9296187683284457,0.9161711131221172,0.9410884116627217
2012,alcohol,country,"alcohol,country",1782,1204,578,4895,0.36404494382022473,0.3505760124883608,0.37772871035773997,0.2459652706843718,0.23400282018630564,0.2583294985898466,0.48006644518272423,0.45154150429586026,0.5087200436524819
2012,alcohol,hiphop,"alcohol,hiphop",1782,1080,381,4895,0.36404494382022473,0.3505760124883608,0.37772871035773997,0.22063329928498468,0.20913813898884337,0.2325704443995774,0.3527777777777778,0.3243945483071399,0.3822215274368772
2012,alcohol,rap,"alcohol,rap",1782,1525,635,4895,0.36404494382022473,0.3505760124883608,0.37772871035773997,0.3115423901940756,0.29861966326591255,0.3247630036045004,0.4163934426229508,0.3915680158913522,0.4416445796060826
2012,alcohol,rock,"alcohol,rock",1782,1844,651,4895,0.36404494382022473,0.3505760124883608,0.37772871035773997,0.3767109295199183,0.36313684992470674,0.390479819352339,0.3530368763557484,0.331283049316089,0.3754093306284739
2012,marijuana,country,"marijuana,country",2138,1204,399,4895,0.4367722165474974,0.42283100957042147,0.4508133131823489,0.2459652706843718,0.23400282018630564,0.2583294985898466,0.3313953488372093,0.3049744612225267,0.35890542881766707
2012,marijuana,hiphop,"marijuana,hiphop",2138,1080,565,4895,0.4367722165474974,0.42283100957042147,0.4508133131823489,0.22063329928498468,0.20913813898884337,0.2325704443995774,0.5231481481481481,0.49286831627909766,0.5532613463567715
2012,marijuana,rap,"marijuana,rap",2138,1525,1043,4895,0.4367722165474974,0.42283100957042147,0.4508133131823489,0.3115423901940756,0.29861966326591255,0.3247630036045004,0.6839344262295082,0.6598284278158941,0.7071031268837753
2012,marijuana,rock,"marijuana,rock",2138,1844,519,4895,0.4367722165474974,0.42283100957042147,0.4508133131823489,0.3767109295199183,0.36313684992470674,0.390479819352339,0.2814533622559653,0.26113370604872393,0.30269367553955523
2012,other,country,"other,country",4669,1204,1179,4895,0.9538304392236977,0.9474791209985081,0.9594576698022846,0.2459652706843718,0.23400282018630564,0.2583294985898466,0.979235880398671,0.9690362567994955,0.9862329648297119
2012,other,hiphop,"other,hiphop",4669,1080,1017,4895,0.9538304392236977,0.9474791209985081,0.9594576698022846,0.22063329928498468,0.20913813898884337,0.2325704443995774,0.9416666666666667,0.9255479490152704,0.9545517196732503
2012,other,rap,"other,rap",4669,1525,1521,4895,0.9538304392236977,0.9474791209985081,0.9594576698022846,0.3115423901940756,0.29861966326591255,0.3247630036045004,0.9973770491803279,0.9928082222328736,0.9991594303756404
2012,other,rock,"other,rock",4669,1844,1700,4895,0.9538304392236977,0.9474791209985081,0.9594576698022846,0.3767109295199183,0.36313684992470674,0.390479819352339,0.9219088937093276,0.9084766992705504,0.933548183804908
2013,alcohol,country,"alcohol,country",1687,1224,640,4840,0.3485537190082645,0.33515176719784007,0.3621977306085072,0.2528925619834711,0.24074451208474723,0.26543585884067944,0.5228758169934641,0.49445812002480666,0.5511482877443181
2013,alcohol,hiphop,"alcohol,hiphop",1687,1276,408,4840,0.3485537190082645,0.33515176719784007,0.3621977306085072,0.2636363636363636,0.25131272941553884,0.27633801763313415,0.31974921630094044,0.294351040450278,0.346245982467484
2013,alcohol,rap,"alcohol,rap",1687,1497,581,4840,0.3485537190082645,0.33515176719784007,0.3621977306085072,0.309297520661157,0.2963295771943667,0.32257033988791484,0.38810955243820977,0.36341059206527415,0.4133890274219104
2013,alcohol,rock,"alcohol,rock",1687,1670,623,4840,0.3485537190082645,0.33515176719784007,0.3621977306085072,0.3450413223140496,0.3316739924878051,0.35865633036030475,0.37305389221556884,0.3498802730083614,0.3968177050374358
2013,marijuana,country,"marijuana,country",1936,1224,573,4840,0.4,0.3861802711061799,0.4139795276987328,0.2528925619834711,0.24074451208474723,0.26543585884067944,0.4681372549019608,0.4399207840360162,0.49655600800308447
2013,marijuana,hiphop,"marijuana,hiphop",1936,1276,626,4840,0.4,0.3861802711061799,0.4139795276987328,0.2636363636363636,0.25131272941553884,0.27633801763313415,0.49059561128526646,0.46284538171188144,0.5184031009077004
2013,marijuana,rap,"marijuana,rap",1936,1497,871,4840,0.4,0.3861802711061799,0.4139795276987328,0.309297520661157,0.2963295771943667,0.32257033988791484,0.5818303273213092,0.5563292047381346,0.6069069624065911
2013,marijuana,rock,"marijuana,rock",1936,1670,546,4840,0.4,0.3861802711061799,0.4139795276987328,0.3450413223140496,0.3316739924878051,0.35865633036030475,0.3269461077844311,0.30457369413832003,0.3501233939584579
2013,other,country,"other,country",4670,1224,1224,4840,0.9648760330578512,0.9591994193859553,0.9698006529114576,0.2528925619834711,0.24074451208474723,0.26543585884067944,1,0.9960995835396718,1
2013,other,hiphop,"other,hiphop",4670,1276,1260,4840,0.9648760330578512,0.9591994193859553,0.9698006529114576,0.2636363636363636,0.25131272941553884,0.27633801763313415,0.987460815047022,0.9792471452108407,0.9925658793248584
2013,other,rap,"other,rap",4670,1497,1497,4840,0.9648760330578512,0.9591994193859553,0.9698006529114576,0.309297520661157,0.2963295771943667,0.32257033988791484,1,0.9968090412108556,1
2013,other,rock,"other,rock",4670,1670,1635,4840,0.9648760330578512,0.9591994193859553,0.9698006529114576,0.3450413223140496,0.3316739924878051,0.35865633036030475,0.9790419161676647,0.9706469509206053,0.98514357240987
2014,alcohol,country,"alcohol,country",1669,1146,653,4829,0.3456202112238559,0.3322319319867672,0.359255806449255,0.23731621453717125,0.22542702056576863,0.24962660648906296,0.5698080279232112,0.5405184549476311,0.598624075866871
2014,alcohol,hiphop,"alcohol,hiphop",1669,1357,415,4829,0.3456202112238559,0.3322319319867672,0.359255806449255,0.28101056119279355,0.26840868849049365,0.293963410051659,0.3058216654384672,0.28152433671006966,0.3312317186805433
2014,alcohol,rap,"alcohol,rap",1669,1321,452,4829,0.3456202112238559,0.3322319319867672,0.359255806449255,0.2735556015738248,0.2610641944500596,0.2864099574049104,0.34216502649507946,0.3167007968733872,0.36855807990032713
2014,alcohol,rock,"alcohol,rock",1669,1308,451,4829,0.3456202112238559,0.3322319319867672,0.359255806449255,0.27086353282253056,0.25841309617319336,0.2836812423559671,0.34480122324159024,0.31915683780005955,0.3713680114484476
2014,marijuana,country,"marijuana,country",1763,1146,454,4829,0.36508593911782977,0.35151630050706784,0.37887168946733024,0.23731621453717125,0.22542702056576863,0.24962660648906296,0.3961605584642234,0.36780587021326344,0.4252197441744367
2014,marijuana,hiphop,"marijuana,hiphop",1763,1357,557,4829,0.36508593911782977,0.35151630050706784,0.37887168946733024,0.28101056119279355,0.26840868849049365,0.293963410051659,0.41046425939572584,0.38421604812352506,0.4372250695064754
2014,marijuana,rap,"marijuana,rap",1763,1321,654,4829,0.36508593911782977,0.35151630050706784,0.37887168946733024,0.2735556015738248,0.2610641944500596,0.2864099574049104,0.49507948523845574,0.46779406996091377,0.522393835186413
2014,marijuana,rock,"marijuana,rock",1763,1308,474,4829,0.36508593911782977,0.35151630050706784,0.37887168946733024,0.27086353282253056,0.25841309617319336,0.2836812423559671,0.3623853211009174,0.33639805792866356,0.38919034498044075
2014,other,country,"other,country",4647,1146,1109,4829,0.9623110374818803,0.9564512587621168,0.9674217374294068,0.23731621453717125,0.22542702056576863,0.24962660648906296,0.9677137870855148,0.9553153635203351,0.9768555928076449
2014,other,hiphop,"other,hiphop",4647,1357,1357,4829,0.9623110374818803,0.9564512587621168,0.9674217374294068,0.28101056119279355,0.26840868849049365,0.293963410051659,1,0.9964807735387493,1
2014,other,rap,"other,rap",4647,1321,1261,4829,0.9623110374818803,0.9564512587621168,0.9674217374294068,0.2735556015738248,0.2610641944500596,0.2864099574049104,0.95457986373959125,0.9415508646428227,0.9648845722672725
2014,other,rock,"other,rock",4647,1308,1305,4829,0.9623110374818803,0.9564512587621168,0.9674217374294068,0.27086353282253056,0.25841309617319336,0.2836812423559671,0.9977064220183486,0.9927157797248234,0.9994074652452622
2015,alcohol,country,"alcohol,country",1731,1166,631,4806,0.3601747815230961,0.34661632879016163,0.37395829300370526,0.2426133999167707,0.23060071627846057,0.2550407430562216,0.5411663807890223,0.5120467595651875,0.5700115956607067
2015,alcohol,hiphop,"alcohol,hiphop",1731,1546,518,4806,0.3601747815230961,0.34661632879016163,0.37395829300370526,0.32168123179359137,0.30851887709404485,0.33513066373242445,0.3350582147477361,0.311647110235511,0.3592981968658757
2015,alcohol,rap,"alcohol,rap",1731,1711,561,4806,0.3601747815230961,0.34661632879016163,0.37395829300370526,0.356013316687474,0.3424929959489649,0.36976539888006366,0.3278784336645237,0.3057555665119053,0.35078256654969686
2015,alcohol,rock,"alcohol,rock",1731,757,196,4806,0.3601747815230961,0.34661632879016163,0.37395829300370526,0.15751144402829795,0.14738528545694554,0.16819019294347737,0.25891677675033026,0.2283533885573661,0.29196596498228317
2015,marijuana,country,"marijuana,country",1923,1166,394,4806,0.40012484394506864,0.38625545463272687,0.4141549648941391,0.2426133999167707,0.23060071627846057,0.2550407430562216,0.3379073756432247,0.3109108289512207,0.36598524677659944
2015,marijuana,hiphop,"marijuana,hiphop",1923,1546,749,4806,0.40012484394506864,0.38625545463272687,0.4141549648941391,0.32168123179359137,0.30851887709404485,0.33513066373242445,0.4844760672703752,0.4593115660932255,0.5097185219563258
2015,marijuana,rap,"marijuana,rap",1923,1711,849,4806,0.40012484394506864,0.38625545463272687,0.4141549648941391,0.356013316687474,0.3424929959489649,0.36976539888006366,0.4962010520163647,0.4722538022630356,0.5201655317140904
2015,marijuana,rock,"marijuana,rock",1923,757,263,4806,0.40012484394506864,0.38625545463272687,0.4141549648941391,0.15751144402829795,0.14738528545694554,0.16819019294347737,0.3474240422721268,0.31370998628091556,0.382708716565471
2015,other,country,"other,country",4698,1166,1161,4806,0.9775280898876404,0.9728274235572574,0.9814471321820529,0.2426133999167707,0.23060071627846057,0.2550407430562216,0.9957118353344768,0.9894067648717523,0.9984202237089901
2015,other,hiphop,"other,hiphop",4698,1546,1545,4806,0.9775280898876404,0.9728274235572574,0.9814471321820529,0.32168123179359137,0.30851887709404485,0.33513066373242445,0.999353169469599,0.9958098093014643,0.9999662344275942
2015,other,rap,"other,rap",4698,1711,1689,4806,0.9775280898876404,0.9728274235572574,0.9814471321820529,0.356013316687474,0.3424929959489649,0.36976539888006366,0.9871420222092344,0.9802582697273683,0.9917263315240222
2015,other,rock,"other,rock",4698,757,747,4806,0.9775280898876404,0.9728274235572574,0.9814471321820529,0.15751144402829795,0.14738528545694554,0.16819019294347737,0.9867899603698811,0.9750098633431237,0.9932733082540933
2016,alcohol,country,"alcohol,country",1698,961,510,4952,0.342891760904685,0.32969743494778375,0.3563315071795314,0.19406300484652667,0.18318826838932978,0.2054163727271408,0.5306971904266389,0.4985647069793969,0.562581213174868
2016,alcohol,hiphop,"alcohol,hiphop",1698,1662,540,4952,0.342891760904685,0.32969743494778375,0.3563315071795314,0.33562197092084006,0.32250199089322684,0.348998737636137,0.3249097472924188,0.3025249168024636,0.3481128752524636
2016,alcohol,rap,"alcohol,rap",1698,1925,668,4952,0.342891760904685,0.32969743494778375,0.3563315071795314,0.3887318255250404,0.3751459725618387,0.40249145707982675,0.347012987012987,0.32581654168891977,0.3688262418669675
2016,alcohol,rock,"alcohol,rock",1698,539,200,4952,0.342891760904685,0.32969743494778375,0.3563315071795314,0.10884491114701131,0.10037442839620155,0.1179288432884483,0.37105751391465674,0.3304209191322967,0.4135604036185392
2016,marijuana,country,"marijuana,country",2175,961,384,4952,0.43921647819063003,0.4253455669449582,0.4531823086644559,0.19406300484652667,0.18318826838932978,0.2054163727271408,0.3995837669094693,0.36856295395829874,0.4314175884489785
2016,marijuana,hiphop,"marijuana,hiphop",2175,1662,797,4952,0.43921647819063003,0.4253455669449582,0.4531823086644559,0.33562197092084006,0.32250199089322684,0.348998737636137,0.4795427196149218,0.4552998960285776,0.5038810733017053
2016,marijuana,rap,"marijuana,rap",2175,1925,1005,4952,0.43921647819063003,0.4253455669449582,0.4531823086644559,0.3887318255250404,0.3751459725618387,0.40249145707982675,0.522077922077922,0.49948233123752483,0.5445845500183161
2016,marijuana,rock,"marijuana,rock",2175,539,277,4952,0.43921647819063003,0.4253455669449582,0.4531823086644559,0.10884491114701131,0.10037442839620155,0.1179288432884483,0.5139146567717996,0.4708480062369087,0.5567800567700065
2016,other,country,"other,country",4671,961,945,4952,0.9432552504038773,0.9363550463134641,0.9494575388158045,0.19406300484652667,0.18318826838932978,0.2054163727271408,0.9833506763787722,0.9724889059892237,0.9901232443124657
2016,other,hiphop,"other,hiphop",4671,1662,1551,4952,0.9432552504038773,0.9363550463134641,0.9494575388158045,0.33562197092084006,0.32250199089322684,0.348998737636137,0.9332129963898917,0.9198588334924228,0.9445193166065246
2016,other,rap,"other,rap",4671,1925,1826,4952,0.9432552504038773,0.9363550463134641,0.9494575388158045,0.3887318255250404,0.3751459725618387,0.40249145707982675,0.9485714285714286,0.9374982435364091,0.9578110765440888
2016,other,rock,"other,rock",4671,539,484,4952,0.9432552504038773,0.9363550463134641,0.9494575388158045,0.10884491114701131,0.10037442839620155,0.1179288432884483,0.8979591836734694,0.8685017159426192,0.9215817735197255
2017,alcohol,country,"alcohol,country",1909,987,414,5103,0.37409367038996666,0.36081943209146816,0.3875587241097277,0.1934156378600823,0.18271513156604455,0.204581548534415,0.4194528875379939,0.3885380806064183,0.45100250806922104
2017,alcohol,hiphop,"alcohol,hiphop",1909,2242,842,5103,0.37409367038996666,0.36081943209146816,0.3875587241097277,0.4393494023123653,0.42568533353882154,0.4531053723442634,0.37555753791257807,0.3555207474946898,0.3960247720591105
2017,alcohol,rap,"alcohol,rap",1909,2171,977,5103,0.37409367038996666,0.36081943209146816,0.3875587241097277,0.42543601802861064,0.41183453336228143,0.4391504894063921,0.4500230308613542,0.42897364096192075,0.4712509123302128
2017,alcohol,rock,"alcohol,rock",1909,391,125,5103,0.37409367038996666,0.36081943209146816,0.3875587241097277,0.07662159514011366,0.06954428131177837,0.08434439503464612,0.319693094629156,0.2741962241445339,0.36879493385266354
2017,marijuana,country,"marijuana,country",2433,987,441,5103,0.47677836566725457,0.4629995393100518,0.4905923771895436,0.1934156378600823,0.18271513156604455,0.204581548534415,0.44680851063829785,0.4155568278154532,0.4784793598725408
2017,marijuana,hiphop,"marijuana,hiphop",2433,2242,1355,5103,0.47677836566725457,0.4629995393100518,0.4905923771895436,0.4393494023123653,0.42568533353882154,0.4531053723442634,0.6043710972346119,0.5837437779339152,0.6246374374447838
2017,marijuana,rap,"marijuana,rap",2433,2171,1385,5103,0.47677836566725457,0.4629995393100518,0.4905923771895436,0.42543601802861064,0.41183453336228143,0.4391504894063921,0.6379548595117457,0.6172789400787543,0.6581378882818529
2017,marijuana,rock,"marijuana,rock",2433,391,144,5103,0.47677836566725457,0.4629995393100518,0.4905923771895436,0.07662159514011366,0.06954428131177837,0.08434439503464612,0.36828644501278773,0.32074239722868386,0.41846159836220886
2017,other,country,"other,country",4944,987,962,5103,0.9688418577307466,0.963605792871834,0.9733581272121463,0.1934156378600823,0.18271513156604455,0.204581548534415,0.9746707193515705,0.9622781117153811,0.9831961825541554
2017,other,hiphop,"other,hiphop",4944,2242,2195,5103,0.9688418577307466,0.963605792871834,0.9733581272121463,0.4393494023123653,0.42568533353882154,0.4531053723442634,0.9790365744870652,0.9719827472189225,0.9843906430203367
2017,other,rap,"other,rap",4944,2171,2113,5103,0.9688418577307466,0.963605792871834,0.9733581272121463,0.42543601802861064,0.41183453336228143,0.4391504894063921,0.973284200829111,0.9653618712131168,0.9794782984720961
2017,other,rock,"other,rock",4944,391,378,5103,0.9688418577307466,0.963605792871834,0.9733581272121463,0.07662159514011366,0.06954428131177837,0.08434439503464612,0.9667519181585678,0.9423750038203086,0.9814166254236545
2018,alcohol,country,"alcohol,country",1861,869,367,5050,0.3685148514851485,0.3552163897744183,0.38201468554737666,0.17207920792079207,0.1618226241632611,0.18283903933972123,0.4223245109321059,0.3893300749067303,0.45601461348475913
2018,alcohol,hiphop,"alcohol,hiphop",1861,2519,812,5050,0.3685148514851485,0.3552163897744183,0.38201468554737666,0.4988118811881188,0.4849288788404587,0.5126967026929863,0.3223501389440254,0.3041857018999819,0.34106145921518505
2018,alcohol,rap,"alcohol,rap",1861,2585,1032,5050,0.3685148514851485,0.3552163897744183,0.38201468554737666,0.5118811881188119,0.4979920309484299,0.525752153680899,0.39922630560928435,0.38031848642003646,0.4184362530618642
2018,alcohol,rock,"alcohol,rock",1861,460,166,5050,0.3685148514851485,0.3552163897744183,0.38201468554737666,0.09108910891089109,0.08336589318456018,0.09944170317686483,0.36086956521739133,0.31725200194317565,0.40684845869389724
2018,marijuana,country,"marijuana,country",2052,869,274,5050,0.4063366336633663,0.3927682370502801,0.4200484589020424,0.17207920792079207,0.1618226241632611,0.18283903933972123,0.31530494821634064,0.28472499609700475,0.3475408235473166
2018,marijuana,hiphop,"marijuana,hiphop",2052,2519,1147,5050,0.4063366336633663,0.3927682370502801,0.4200484589020424,0.4988118811881188,0.4849288788404587,0.5126967026929863,0.4553394204049226,0.435777085517861,0.4750391491654397
2018,marijuana,rap,"marijuana,rap",2052,2585,1337,5050,0.4063366336633663,0.3927682370502801,0.4200484589020424,0.5118811881188119,0.4979920309484299,0.525752153680899,0.5172147001934236,0.4977467636863882,0.5366310359516817
2018,marijuana,rock,"marijuana,rock",2052,460,169,5050,0.4063366336633663,0.3927682370502801,0.4200484589020424,0.09108910891089109,0.08336589318456018,0.09944170317686483,0.3673913043478261,0.32355214671446797,0.41348089980300073
2018,other,country,"other,country",4831,869,858,5050,0.9566336633663366,0.9505553475876397,0.962005591582364,0.17207920792079207,0.1618226241632611,0.18283903933972123,0.9873417721518988,0.9767462080584708,0.9933293035220672
2018,other,hiphop,"other,hiphop",4831,2519,2418,5050,0.9566336633663366,0.9505553475876397,0.962005591582364,0.4988118811881188,0.4849288788404587,0.5126967026929863,0.9599047240968638,0.951300931118061,0.9670718406987086
2018,other,rap,"other,rap",4831,2585,2520,5050,0.9566336633663366,0.9505553475876397,0.962005591582364,0.5118811881188119,0.4979920309484299,0.525752153680899,0.9748549323017408,0.9678627598896526,0.9803930510440245
2018,other,rock,"other,rock",4831,460,418,5050,0.9566336633663366,0.9505553475876397,0.962005591582364,0.09108910891089109,0.08336589318456018,0.09944170317686483,0.908695652173913,0.8776647280977748,0.9326809815751705
2019,alcohol,country,"alcohol,country",982,578,226,2665,0.36848030018761724,0.3501816935972413,0.3871613941640589,0.2168855534709193,0.20146968467115753,0.2331261992199005,0.39100346020761245,0.35122284471616294,0.43225450686793127
2019,alcohol,hiphop,"alcohol,hiphop",982,1364,522,2665,0.36848030018761724,0.3501816935972413,0.3871613941640589,0.5118198874296436,0.49265111783960785,0.5309542944153067,0.38269794721407624,0.35690671254750167,0.4091573957439465
2019,alcohol,rap,"alcohol,rap",982,1221,523,2665,0.36848030018761724,0.3501816935972413,0.3871613941640589,0.45816135084427767,0.4391317193195031,0.47731261892811616,0.4283374283374283,0.40044417330738746,0.45668681398075683
2019,alcohol,rock,"alcohol,rock",982,267,100,2665,0.36848030018761724,0.3501816935972413,0.3871613941640589,0.100187617260788,0.08917947472627213,0.11236562355160656,0.37453183520599254,0.31685346748526316,0.43588327424021395
2019,marijuana,country,"marijuana,country",1118,578,207,2665,0.4195121951219512,0.400719359533877,0.43853905323776277,0.2168855534709193,0.20146968467115753,0.2331261992199005,0.35813148788927335,0.3192608554662891,0.39891673142965606
2019,marijuana,hiphop,"marijuana,hiphop",1118,1364,715,2665,0.4195121951219512,0.400719359533877,0.43853905323776277,0.5118198874296436,0.49265111783960785,0.5309542944153067,0.5241935483870968,0.4972928682884603,0.5509564608487181
2019,marijuana,rap,"marijuana,rap",1118,1221,663,2665,0.4195121951219512,0.400719359533877,0.43853905323776277,0.45816135084427767,0.4391317193195031,0.47731261892811616,0.542997542997543,0.5145546159707779,0.5711668179699272
2019,marijuana,rock,"marijuana,rock",1118,267,98,2665,0.4195121951219512,0.400719359533877,0.43853905323776277,0.100187617260788,0.08917947472627213,0.11236562355160656,0.36704119850187267,0.30970787784976683,0.4282673726537863
2019,other,country,"other,country",2610,578,567,2665,0.9793621013133208,0.9730233510766716,0.9842733448360468,0.2168855534709193,0.20146968467115753,0.2331261992199005,0.9809688581314879,0.9651529852806972,0.9899610450833033
2019,other,hiphop,"other,hiphop",2610,1364,1353,2665,0.9793621013133208,0.9730233510766716,0.9842733448360468,0.5118198874296436,0.49265111783960785,0.5309542944153067,0.9919354838709677,0.9851501184494887,0.995753110500051
2019,other,rap,"other,rap",2610,1221,1210,2665,0.9793621013133208,0.9730233510766716,0.9842733448360468,0.45816135084427767,0.4391317193195031,0.47731261892811616,0.990990990990991,0.9834189821565463,0.9952550412886
2019,other,rock,"other,rock",2610,267,246,2665,0.9793621013133208,0.9730233510766716,0.9842733448360468,0.100187617260788,0.08917947472627213,0.11236562355160656,0.9213483146067416,0.8805785085712129,0.9494891442202084
